Item Title,Publication Title,Book Series Title,Journal Volume,Journal Issue,Item DOI,Authors,Publication Year,URL,Content Type
"Survey of French research and applications based on Petri nets","Net Theory and Applications","","","","10.1007/3-540-10001-6_31","C. AndréC. GiraultM. DiazJ. Sifakis","1980","http://link.springer.com/chapter/10.1007/3-540-10001-6_31","Chapter"
"Mobile Application Architectures","Product Focused Software Process Improvement","","","","10.1007/3-540-36209-6_47","Pasi AlataloJarkko JärvenojaJari KarvonenAri KeronenPasi Kuvaja1","2002","http://link.springer.com/chapter/10.1007/3-540-36209-6_47","Chapter"
"Towards Dependability Modeling of FT-CORBA Architectures","Dependable Computing EDCC-4","","","","10.1007/3-540-36080-8_14","István MajzikGábor Huszerl","2002","http://link.springer.com/chapter/10.1007/3-540-36080-8_14","Chapter"
"Empirically Driven Design of Software Development Processes for Wireless Internet Services","Product Focused Software Process Improvement","","","","10.1007/3-540-36209-6_30","Ulrike Becker-KornstaedtDaniela BoggioJürgen MünchAlexis OcampoGino Palladino","2002","http://link.springer.com/chapter/10.1007/3-540-36209-6_30","Chapter"
"The Design of a COTS Real-Time Distributed Security Kernel","Dependable Computing EDCC-4","","","","10.1007/3-540-36080-8_21","Miguel CorreiaPaulo VeríssimoNuno Ferreira Neves","2002","http://link.springer.com/chapter/10.1007/3-540-36080-8_21","Chapter"
"Software Configuration Management Principles and Best Practices","Product Focused Software Process Improvement","","","","10.1007/3-540-36209-6_26","Ronald Kirk","2002","http://link.springer.com/chapter/10.1007/3-540-36209-6_26","Chapter"
"Integrating Software Engineering Technologies for Embedded Systems Development","Product Focused Software Process Improvement","","","","10.1007/3-540-36209-6_38","Rini van Solingen","2002","http://link.springer.com/chapter/10.1007/3-540-36209-6_38","Chapter"
"Heterogeneous Information Systems Integration: Organizations and Methodologies","Product Focused Software Process Improvement","","","","10.1007/3-540-36209-6_51","Ricardo J. MachadoJoão M. Fernandes","2002","http://link.springer.com/chapter/10.1007/3-540-36209-6_51","Chapter"
"Tool-Supported Interpreter-Based User Interface Architecture for Ubiquitous Computing","Interactive Systems:Design, Specification, and Verification","","","","10.1007/3-540-36235-5_7","Lars BraubachAlexander PokahrDaniel MoldtAndreas BarteltWinfried Lamersdorf","2002","http://link.springer.com/chapter/10.1007/3-540-36235-5_7","Chapter"
"Benefits Resulting from the Combined Use of ISO/IEC 15504 with the Information Technology Infrastructure Library (ITIL)","Product Focused Software Process Improvement","","","","10.1007/3-540-36209-6_27","Béatrix BarafortBernard Di RenzoOlivier Merlan","2002","http://link.springer.com/chapter/10.1007/3-540-36209-6_27","Chapter"
"Daibutsu-den: A Component-Based Framework for Organizational Process Asset Utilization","Product Focused Software Process Improvement","","","","10.1007/3-540-36209-6_19","Hajimu IidaYasushi TanakaKen'ichi Matsumoto","2002","http://link.springer.com/chapter/10.1007/3-540-36209-6_19","Chapter"
"Improving the Reuse Process is Based on Understanding the Business and the Products: Four Case Studies","Product Focused Software Process Improvement","","","","10.1007/3-540-36209-6_24","Jarmo J. AhonenHeikki LintinenSanna-Kaisa Taskinen","2002","http://link.springer.com/chapter/10.1007/3-540-36209-6_24","Chapter"
"An XMI-Based Repository for Software Process Meta-modeling","Product Focused Software Process Improvement","","","","10.1007/3-540-36209-6_45","Francisco RuizMario PiattiniFélix GarcíaMacario Polo","2002","http://link.springer.com/chapter/10.1007/3-540-36209-6_45","Chapter"
"Mobile Code in .NET: A Porting Experience","Mobile Agents","","","","10.1007/3-540-36112-X_2","Márcio DelamaroGian Pietro Picco","2002","http://link.springer.com/chapter/10.1007/3-540-36112-X_2","Chapter"
"The WISE Approach to Architect Wireless Services","Product Focused Software Process Improvement","","","","10.1007/3-540-36209-6_31","Patricia LagoMari Matinlassi","2002","http://link.springer.com/chapter/10.1007/3-540-36209-6_31","Chapter"
"Integrating Dynamic Models for CMM-Based Software Process Improvement","Product Focused Software Process Improvement","","","","10.1007/3-540-36209-6_8","Mercedes RuizIsabel RamosMiguel Toro","2002","http://link.springer.com/chapter/10.1007/3-540-36209-6_8","Chapter"
"Typed Combinators for Generic Traversal","Practical Aspects of Declarative Languages","","","","10.1007/3-540-45587-6_10","Ralf LämmelJoost Visser","2002","http://link.springer.com/chapter/10.1007/3-540-45587-6_10","Chapter"
"Making a Method Work for a Project Situation in the Context of CMM","Product Focused Software Process Improvement","","","","10.1007/3-540-36209-6_15","Mehmet N. AydinFrank Harmsen","2002","http://link.springer.com/chapter/10.1007/3-540-36209-6_15","Chapter"
"Is Your Project Ready for Time-to-Market Focus?","Product Focused Software Process Improvement","","","","10.1007/3-540-36209-6_18","Janne JärvinenJouni Jartti","2002","http://link.springer.com/chapter/10.1007/3-540-36209-6_18","Chapter"
"From Knowledge Management Concepts toward Software Engineering Practices","Product Focused Software Process Improvement","","","","10.1007/3-540-36209-6_34","Gerardo CanforaAniello CimitileCorrado Aaron Visaggio","2002","http://link.springer.com/chapter/10.1007/3-540-36209-6_34","Chapter"
"Software Technologies for Embedded Systems: An Industry Inventory","Product Focused Software Process Improvement","","","","10.1007/3-540-36209-6_37","Bas GraafMarco LormansHans Toetenel","2002","http://link.springer.com/chapter/10.1007/3-540-36209-6_37","Chapter"
"Using a Secure Mobile Object Kernel as Operating System on Embedded Devices to Support the Dynamic Upload of Applications","Mobile Agents","","","","10.1007/3-540-36112-X_11","Walter BinderBalázs Lichtl","2002","http://link.springer.com/chapter/10.1007/3-540-36112-X_11","Chapter"
"Introducing Object Validation and Navigation in Software Process to Improve Software Quality","Product Focused Software Process Improvement","","","","10.1007/3-540-36209-6_10","Gopalakrishna Raghavan","2002","http://link.springer.com/chapter/10.1007/3-540-36209-6_10","Chapter"
"Improving Estimation Practices by Applying Use Case Models","Product Focused Software Process Improvement","","","","10.1007/3-540-36209-6_32","Bente AndaEndre AngelvikKirsten Ribu","2002","http://link.springer.com/chapter/10.1007/3-540-36209-6_32","Chapter"
"WASH/CGI: Server-Side Web Scripting with Sessions and Typed, Compositional Forms","Practical Aspects of Declarative Languages","","","","10.1007/3-540-45587-6_13","Peter Thiemann","2002","http://link.springer.com/chapter/10.1007/3-540-45587-6_13","Chapter"
"Toward Interoperability of Mobile-Agent Systems","Mobile Agents","","","","10.1007/3-540-36112-X_8","Arne GrimstrupRobert GrayDavid KotzMaggie BreedyMarco CarvalhoThomas CowinDaria ChacónJoyce BartonChris GarrettMartin Hofmann","2002","http://link.springer.com/chapter/10.1007/3-540-36112-X_8","Chapter"
"Functional Approach to Texture Generation","Practical Aspects of Declarative Languages","","","","10.1007/3-540-45587-6_15","Jerzy Karczmarczuk","2002","http://link.springer.com/chapter/10.1007/3-540-45587-6_15","Chapter"
"Linear Scan Register Allocation in a High-Performance Erlang Compiler","Practical Aspects of Declarative Languages","","","","10.1007/3-540-45587-6_8","Erik JohanssonKonstantinos Sagonas","2002","http://link.springer.com/chapter/10.1007/3-540-45587-6_8","Chapter"
"Evaluating Evolutionary Software Systems","Product Focused Software Process Improvement","","","","10.1007/3-540-36209-6_23","Teade PunterAdam TrendowiczPeter Kaiser","2002","http://link.springer.com/chapter/10.1007/3-540-36209-6_23","Chapter"
"aZIMAS: Web Mobile Agent System","Mobile Agents","","","","10.1007/3-540-36112-X_1","Subramanian ArumugamAbdelsalam Sumi HelalAmar Nalla","2002","http://link.springer.com/chapter/10.1007/3-540-36112-X_1","Chapter"
"Declarative Programming and Clinical Medicine On the Use of Gisela in the MedView Project","Practical Aspects of Declarative Languages","","","","10.1007/3-540-45587-6_6","Olof Torgersson","2002","http://link.springer.com/chapter/10.1007/3-540-45587-6_6","Chapter"
"Characteristics of Process Improvement of Hardware-Related SW","Product Focused Software Process Improvement","","","","10.1007/3-540-36209-6_22","Jussi RonkainenJorma TaramaaArto Savuoja","2002","http://link.springer.com/chapter/10.1007/3-540-36209-6_22","Chapter"
"Simulation-Based Risk Reduction for Planning Inspections","Product Focused Software Process Improvement","","","","10.1007/3-540-36209-6_9","Holger NeuThomas HanneJürgen MünchStefan NickelAndreas Wirsen","2002","http://link.springer.com/chapter/10.1007/3-540-36209-6_9","Chapter"
"Foundations of Cognitive Support: Toward Abstract Patterns of Usefulness","Interactive Systems:Design, Specification, and Verification","","","","10.1007/3-540-36235-5_10","Andrew Walenstein","2002","http://link.springer.com/chapter/10.1007/3-540-36235-5_10","Chapter"
"User Interface Conceptual Patterns","Interactive Systems:Design, Specification, and Verification","","","","10.1007/3-540-36235-5_12","Pedro J. MolinaSantiago MeliáOscar Pastor","2002","http://link.springer.com/chapter/10.1007/3-540-36235-5_12","Chapter"
"Model-Based Dependability Evaluation Method for TTP/C Based Systems","Dependable Computing EDCC-4","","","","10.1007/3-540-36080-8_23","Pavel HeroutStanislav RacekJan Hlavička","2002","http://link.springer.com/chapter/10.1007/3-540-36080-8_23","Chapter"
"Analysis of Risks in a Software Improvement Programme","Product Focused Software Process Improvement","","","","10.1007/3-540-36209-6_49","Emmanuel ChauveauClaire LassudrieDavid Berthelot","2002","http://link.springer.com/chapter/10.1007/3-540-36209-6_49","Chapter"
"Managing the Improvement of SCM Process","Product Focused Software Process Improvement","","","","10.1007/3-540-36209-6_6","Marcello ViscontiRodolfo Villarroel","2002","http://link.springer.com/chapter/10.1007/3-540-36209-6_6","Chapter"
"Wrapping Real-time Systems from Temporal Logic Specifications","Dependable Computing EDCC-4","","","","10.1007/3-540-36080-8_22","Manuel RodrίguezJean-Charles FabreJean Arlat","2002","http://link.springer.com/chapter/10.1007/3-540-36080-8_22","Chapter"
"Supporting Flexible Data Feeds in Dynamic Sensor Grids through Mobile Agents","Mobile Agents","","","","10.1007/3-540-36112-X_12","Marco CarvalhoMaggie Breedy","2002","http://link.springer.com/chapter/10.1007/3-540-36112-X_12","Chapter"
"Fuzzy Prolog: A Simple General Implementation Using (R)","Logic for Programming, Artificial Intelligence, and Reasoning","","","","10.1007/3-540-36078-6_30","Claudio VaucheretSergio GuadarramaSusana Muñoz","2002","http://link.springer.com/chapter/10.1007/3-540-36078-6_30","Chapter"
"Assessment of User-Centred Design Processes - Lessons Learnt and Conclusions","Product Focused Software Process Improvement","","","","10.1007/3-540-36209-6_21","Timo Jokela","2002","http://link.springer.com/chapter/10.1007/3-540-36209-6_21","Chapter"
"Directed Automated Theorem Proving","Logic for Programming, Artificial Intelligence, and Reasoning","","","","10.1007/3-540-36078-6_10","Stefan EdelkampPeter Leven","2002","http://link.springer.com/chapter/10.1007/3-540-36078-6_10","Chapter"
"Component Certification - What is the Value?","Product Focused Software Process Improvement","","","","10.1007/3-540-36209-6_12","Lars BratthallJohan HasselbergBrad HoffmanZbigniew KorendoBruno SchilliLars Gundersen","2002","http://link.springer.com/chapter/10.1007/3-540-36209-6_12","Chapter"
"Enabling Comprehensive Use of Metrics","Product Focused Software Process Improvement","","","","10.1007/3-540-36209-6_28","Outi SaloMaarit TihinenMatias Vierimaa","2002","http://link.springer.com/chapter/10.1007/3-540-36209-6_28","Chapter"
"A Debugging Scheme for Declarative Equation Based Modeling Languages","Practical Aspects of Declarative Languages","","","","10.1007/3-540-45587-6_18","Peter BunusPeter Fritzson","2002","http://link.springer.com/chapter/10.1007/3-540-45587-6_18","Chapter"
"Verifying BDD Algorithms through Monadic Interpretation","Verification, Model Checking, and Abstract Interpretation","","","","10.1007/3-540-47813-2_13","Sava KrstićJohn Matthews","2002","http://link.springer.com/chapter/10.1007/3-540-47813-2_13","Chapter"
"A High-Level Generic Interface to External Programming Languages for ECLiPSe","Practical Aspects of Declarative Languages","","","","10.1007/3-540-45587-6_17","Kish ShenJoachim SchimpfStefano NovelloJosh Singer","2002","http://link.springer.com/chapter/10.1007/3-540-45587-6_17","Chapter"
"Wireless Games - Review and Experiment","Product Focused Software Process Improvement","","","","10.1007/3-540-36209-6_48","Dan BendasMauri Myllyaho","2002","http://link.springer.com/chapter/10.1007/3-540-36209-6_48","Chapter"
"Single-Threaded Objects in ACL2","Practical Aspects of Declarative Languages","","","","10.1007/3-540-45587-6_3","Robert S. BoyerJ. Strother Moore","2002","http://link.springer.com/chapter/10.1007/3-540-45587-6_3","Chapter"
"Mobile Intermediaries Supporting Information Sharing between Mobile Users","Mobile Agents","","","","10.1007/3-540-36112-X_9","Norliza ZainiLuc Moreau","2002","http://link.springer.com/chapter/10.1007/3-540-36112-X_9","Chapter"
"An Intrusion Detection System for Aglets","Mobile Agents","","","","10.1007/3-540-36112-X_5","Giovanni VignaBryan CassellDave Fayram","2002","http://link.springer.com/chapter/10.1007/3-540-36112-X_5","Chapter"
"A Better XML Parser through Functional Programming","Practical Aspects of Declarative Languages","","","","10.1007/3-540-45587-6_14","Oleg Kiselyov","2002","http://link.springer.com/chapter/10.1007/3-540-45587-6_14","Chapter"
"A Formal Correspondence between Offensive and Defensive JavaCard Virtual Machines","Verification, Model Checking, and Abstract Interpretation","","","","10.1007/3-540-47813-2_3","Gilles BartheGuillaume DufayLine JakubiecSimão Melo de Sousa","2002","http://link.springer.com/chapter/10.1007/3-540-47813-2_3","Chapter"
"Adaptive User Interface for Mobile Devices","Interactive Systems:Design, Specification, and Verification","","","","10.1007/3-540-36235-5_3","Nikola MitrovićEduardo Mena","2002","http://link.springer.com/chapter/10.1007/3-540-36235-5_3","Chapter"
"Improving Mouse Navigation — A Walk through the “Hilly Screen Landscape”","Interactive Systems:Design, Specification, and Verification","","","","10.1007/3-540-36235-5_14","David AhlströmMartin HitzGerhard Leitner","2002","http://link.springer.com/chapter/10.1007/3-540-36235-5_14","Chapter"
"Test Set Embedding Based on Phase Shifters","Dependable Computing EDCC-4","","","","10.1007/3-540-36080-8_12","Maciej BellosDimitri KagarisDimitris Nikolos","2002","http://link.springer.com/chapter/10.1007/3-540-36080-8_12","Chapter"
"Semantics-Based Filtering: Logic Programming’s Killer App","Practical Aspects of Declarative Languages","","","","10.1007/3-540-45587-6_7","Gopal GuptaHai-Feng GuoArthur I. KarshmerEnrico PontelliJuan Raymundo IglesiasDesh RanjanBrook MilliganNayana DattaOmar El KhatibMohammed NoamanyXinhong Zhou","2002","http://link.springer.com/chapter/10.1007/3-540-45587-6_7","Chapter"
"BPM Based Robust E-business Application Development","Dependable Computing EDCC-4","","","","10.1007/3-540-36080-8_4","György CsertánAndrás PatariczaP. HarangOrsolya DobánGabor BirosAndrás DancseczFerenc Friedler","2002","http://link.springer.com/chapter/10.1007/3-540-36080-8_4","Chapter"
"Probabilistic Queries in Large-Scale Networks","Dependable Computing EDCC-4","","","","10.1007/3-540-36080-8_19","Fernando PedoneNelson L. DuarteMario Goulart","2002","http://link.springer.com/chapter/10.1007/3-540-36080-8_19","Chapter"
"Exploiting E.cient Control and Data Structures in Logic Programs","Practical Aspects of Declarative Languages","","","","10.1007/3-540-45587-6_20","Rong YangSteve Gregory","2002","http://link.springer.com/chapter/10.1007/3-540-45587-6_20","Chapter"
"User Interface Design Patterns for Interactive Modeling in Demography and Biostatistics","Interactive Systems:Design, Specification, and Verification","","","","10.1007/3-540-36235-5_11","Sergiy BoykoPeter ForbrigAnatoli Yashin","2002","http://link.springer.com/chapter/10.1007/3-540-36235-5_11","Chapter"
"Compiling Embedded Programs to Byte Code","Practical Aspects of Declarative Languages","","","","10.1007/3-540-45587-6_9","Morten Rhiger","2002","http://link.springer.com/chapter/10.1007/3-540-45587-6_9","Chapter"
"Proof Development with ΩMEGA: √2 Is Irrational","Logic for Programming, Artificial Intelligence, and Reasoning","","","","10.1007/3-540-36078-6_25","J. SiekmannC. BenzmüllerA. FiedlerA. MeierM. Pollet","2002","http://link.springer.com/chapter/10.1007/3-540-36078-6_25","Chapter"
"What Are the Knowledge Needs during the Project Lifecycle in an Expert Organisation?","Product Focused Software Process Improvement","","","","10.1007/3-540-36209-6_35","Susanna PeltolaMaarit TihinenPäivi Parviainen","2002","http://link.springer.com/chapter/10.1007/3-540-36209-6_35","Chapter"
"Black-Box Evaluation of COTS Components Using Aspects and Metadata","Product Focused Software Process Improvement","","","","10.1007/3-540-36209-6_41","Alejandra CechichMacario Polo","2002","http://link.springer.com/chapter/10.1007/3-540-36209-6_41","Chapter"
"Storage Size Reduction by In-place Mapping of Arrays","Verification, Model Checking, and Abstract Interpretation","","","","10.1007/3-540-47813-2_12","Remko TronçonMaurice BruynoogheGerda JanssensFrancky Catthoor","2002","http://link.springer.com/chapter/10.1007/3-540-47813-2_12","Chapter"
"A Framework for Splitting BDI Agents","Logic for Programming, Artificial Intelligence, and Reasoning","","","","10.1007/3-540-36078-6_11","Xiaocong FanJohn Yen","2002","http://link.springer.com/chapter/10.1007/3-540-36078-6_11","Chapter"
"Games, Probability, and the Quantitative μ-Calculus qMμ","Logic for Programming, Artificial Intelligence, and Reasoning","","","","10.1007/3-540-36078-6_20","A. K. McIverC. C. Morgan","2002","http://link.springer.com/chapter/10.1007/3-540-36078-6_20","Chapter"
"Stochastic Dependability Analysis of System Architecture Based on UML Models","Architecting Dependable Systems","","","","10.1007/3-540-45177-3_10","István MajzikAndrás PatariczaAndrea Bondavalli","2003","http://link.springer.com/chapter/10.1007/3-540-45177-3_10","Chapter"
"Increasing System Dependability through Architecture-Based Self-Repair","Architecting Dependable Systems","","","","10.1007/3-540-45177-3_3","David GarlanShang-Wen ChengBradley Schmerl","2003","http://link.springer.com/chapter/10.1007/3-540-45177-3_3","Chapter"
"Dependability in the Web Services Architecture","Architecting Dependable Systems","","","","10.1007/3-540-45177-3_4","Ferda TartanogluValérie IssarnyAlexander RomanovskyNicole Levy","2003","http://link.springer.com/chapter/10.1007/3-540-45177-3_4","Chapter"
"Improving Dependability of Component-Based Systems via Multi-versioning Connectors","Architecting Dependable Systems","","","","10.1007/3-540-45177-3_2","Nenad MedvidovicMarija Mikic-RakicNikunj Mehta","2003","http://link.springer.com/chapter/10.1007/3-540-45177-3_2","Chapter"
"Architectural Mismatch Tolerance","Architecting Dependable Systems","","","","10.1007/3-540-45177-3_8","Rogério de LemosCristina GacekAlexander Romanovsky","2003","http://link.springer.com/chapter/10.1007/3-540-45177-3_8","Chapter"
"MultiMedia Instruction in Safe and Secure Systems","Recent Trends in Algebraic Development Techniques","","","","10.1007/978-3-540-40020-2_4","Bernd Krieg-BrücknerDieter HutterArne LindowChristoph LüthAchim MahnkeErica MelisPhilipp MeierArnd Poetzsch-HeffterMarkus RoggenbachGeorge RussellJan-Georg SmausMartin Wirsing","2003","http://link.springer.com/chapter/10.1007/978-3-540-40020-2_4","Chapter"
"Generic Agent Architecture for Embedded Intelligent Systems","Innovative Concepts for Agent-Based Systems","","","","10.1007/978-3-540-45173-0_33","Charles-Antoine BrunetJean de LafontaineGérard Lachiver","2003","http://link.springer.com/chapter/10.1007/978-3-540-45173-0_33","Chapter"
"Experiments with Test Case Generation and Runtime Analysis","Abstract State Machines 2003","","","","10.1007/3-540-36498-6_5","Cyrille ArthoDoron DrusinksyAllen GoldbergKlaus HavelundMike LowryCorina PasareanuGrigore RoşuWillem Visser","2003","http://link.springer.com/chapter/10.1007/3-540-36498-6_5","Chapter"
"Quality Analysis of Dependable Systems: A Developer Oriented Approach","Architecting Dependable Systems","","","","10.1007/3-540-45177-3_9","Apostolos ZarrasChristos KloukinasValérie Issarny","2003","http://link.springer.com/chapter/10.1007/3-540-45177-3_9","Chapter"
"A Component Based Real-Time Scheduling Architecture","Architecting Dependable Systems","","","","10.1007/3-540-45177-3_5","Gerhard FohlerTomas LennvallRadu Dobrin","2003","http://link.springer.com/chapter/10.1007/3-540-45177-3_5","Chapter"
"An Attempt at Analysing the Consistency Problems in the UML from a Classical Algebraic Viewpoint","Recent Trends in Algebraic Development Techniques","","","","10.1007/978-3-540-40020-2_3","E. AstesianoG. Reggio","2003","http://link.springer.com/chapter/10.1007/978-3-540-40020-2_3","Chapter"
"A Framework for Proving Contract-Equipped Classes","Abstract State Machines 2003","","","","10.1007/3-540-36498-6_6","Bertrand Meyer","2003","http://link.springer.com/chapter/10.1007/3-540-36498-6_6","Chapter"
"Client-Driven Pointer Analysis","Static Analysis","","","","10.1007/3-540-44898-5_12","Samuel Z. GuyerCalvin Lin","2003","http://link.springer.com/chapter/10.1007/3-540-44898-5_12","Chapter"
"Specification-Level Integration of Simulation and Dependability Analysis","Architecting Dependable Systems","","","","10.1007/3-540-45177-3_11","Swapna S. GokhaleJoseph R. HorganKishor S. Trivedi","2003","http://link.springer.com/chapter/10.1007/3-540-45177-3_11","Chapter"
"Creating Context-Aware Software Agents","Innovative Concepts for Agent-Based Systems","","","","10.1007/978-3-540-45173-0_15","Harry ChenSovrin ToliaCraig SayersTim FininAnupam Joshi","2003","http://link.springer.com/chapter/10.1007/978-3-540-45173-0_15","Chapter"
"Towards Complex Team Behavior in Multi-agent Systems Using a Commercial Agent Platform","Innovative Concepts for Agent-Based Systems","","","","10.1007/978-3-540-45173-0_14","J. VaughanR. ConnellA. LucasR. Rönnquist","2003","http://link.springer.com/chapter/10.1007/978-3-540-45173-0_14","Chapter"
"Program Development Using Abstract Interpretation (And the Ciao System Preprocessor)","Static Analysis","","","","10.1007/3-540-44898-5_8","Manuel V. HermenegildoGermán PueblaFrancisco BuenoPedro López-García","2003","http://link.springer.com/chapter/10.1007/3-540-44898-5_8","Chapter"
"Type Systems for Distributed Data Sharing","Static Analysis","","","","10.1007/3-540-44898-5_15","Ben LiblitAlex AikenKatherine Yelick","2003","http://link.springer.com/chapter/10.1007/3-540-44898-5_15","Chapter"
"Ontology Negotiation: How Agents Can Really Get to Know Each Other","Innovative Concepts for Agent-Based Systems","","","","10.1007/978-3-540-45173-0_24","Sidney C. BailinWalt Truszkowski","2003","http://link.springer.com/chapter/10.1007/978-3-540-45173-0_24","Chapter"
"Exploiting Reusable Knowledge to Enhance Multi-agents Capabilities: Explorations with Data Model and Glossary Repositories","Innovative Concepts for Agent-Based Systems","","","","10.1007/978-3-540-45173-0_21","Gary Berg-Cross","2003","http://link.springer.com/chapter/10.1007/978-3-540-45173-0_21","Chapter"
"Agents Making Sense of the Semantic Web","Innovative Concepts for Agent-Based Systems","","","","10.1007/978-3-540-45173-0_32","Lalana KagalFilip PerichHarry ChenSovrin ToliaYouyong ZouTim FininAnupam JoshiYun PengR. Scott CostCharles Nicholas","2003","http://link.springer.com/chapter/10.1007/978-3-540-45173-0_32","Chapter"
"Precise Analysis of String Expressions","Static Analysis","","","","10.1007/3-540-44898-5_1","Aske Simon ChristensenAnders MøllerMichael I. Schwartzbach","2003","http://link.springer.com/chapter/10.1007/3-540-44898-5_1","Chapter"
"Precise Widening Operators for Convex Polyhedra","Static Analysis","","","","10.1007/3-540-44898-5_19","Roberto BagnaraPatricia M. HillElisa RicciEnea Zaffanella","2003","http://link.springer.com/chapter/10.1007/3-540-44898-5_19","Chapter"
"Establishing Local Temporal Heap Safety Properties with Applications to Compile-Time Memory Management","Static Analysis","","","","10.1007/3-540-44898-5_27","Ran ShahamEran YahavElliot K. KolodnerMooly Sagiv","2003","http://link.springer.com/chapter/10.1007/3-540-44898-5_27","Chapter"
"Interfacing ASM with the MDG Tool","Abstract State Machines 2003","","","","10.1007/3-540-36498-6_16","Amjad GawanmehSofiène TaharKirsten Winter","2003","http://link.springer.com/chapter/10.1007/3-540-36498-6_16","Chapter"
"Designing the Parlay Call-Control Using ASMs","Abstract State Machines 2003","","","","10.1007/3-540-36498-6_26","Paolo FalcarinAlessandra Cavarra","2003","http://link.springer.com/chapter/10.1007/3-540-36498-6_26","Chapter"
"Communication and Coordination Support for Mobile, Transient and Distributed Agent Applications","Innovative Concepts for Agent-Based Systems","","","","10.1007/978-3-540-45173-0_22","Marian Nodine","2003","http://link.springer.com/chapter/10.1007/978-3-540-45173-0_22","Chapter"
"Universal Variables in Disconnection Tableaux","Automated Reasoning with Analytic Tableaux and Related Methods","","","","10.1007/978-3-540-45206-5_11","Reinhold LetzGernot Stenz","2003","http://link.springer.com/chapter/10.1007/978-3-540-45206-5_11","Chapter"
"Mobile UNITY Schemas for Agent Coordination","Abstract State Machines 2003","","","","10.1007/3-540-36498-6_7","Gruia-Catalin RomanJamie Payton","2003","http://link.springer.com/chapter/10.1007/3-540-36498-6_7","Chapter"
"Learning in the Broker Agent","Innovative Concepts for Agent-Based Systems","","","","10.1007/978-3-540-45173-0_8","Xiaocheng LuanYun PengTimothy Finin","2003","http://link.springer.com/chapter/10.1007/978-3-540-45173-0_8","Chapter"
"A Personalizable Agent for Semantic Taxonomy-Based Web Search","Innovative Concepts for Agent-Based Systems","","","","10.1007/978-3-540-45173-0_1","Larry KerschbergWooju KimAnthony Scime","2003","http://link.springer.com/chapter/10.1007/978-3-540-45173-0_1","Chapter"
"Class-Level Modular Analysis for Object Oriented Languages","Static Analysis","","","","10.1007/3-540-44898-5_3","Francesco Logozzo","2003","http://link.springer.com/chapter/10.1007/3-540-44898-5_3","Chapter"
"Teaching ASMs, Teaching with ASMs: Opportunities in Undergraduate Education","Abstract State Machines 2003","","","","10.1007/3-540-36498-6_28","James HugginsJean MayoCharles Wallace","2003","http://link.springer.com/chapter/10.1007/3-540-36498-6_28","Chapter"
"Testing and Monitoring Intelligent Agents","Innovative Concepts for Agent-Based Systems","","","","10.1007/978-3-540-45173-0_12","Christopher Rouff","2003","http://link.springer.com/chapter/10.1007/978-3-540-45173-0_12","Chapter"
"SOLAR: A Consequence Finding System for Advanced Reasoning","Automated Reasoning with Analytic Tableaux and Related Methods","","","","10.1007/978-3-540-45206-5_22","Hidetomo NabeshimaKoji IwanumaKatsumi Inoue","2003","http://link.springer.com/chapter/10.1007/978-3-540-45206-5_22","Chapter"
"An ASM Semantics of UML Derived from the Meta-model and Incorporating Actions","Abstract State Machines 2003","","","","10.1007/3-540-36498-6_21","Ileana Ober","2003","http://link.springer.com/chapter/10.1007/3-540-36498-6_21","Chapter"
"Weighted Pushdown Systems and Their Application to Interprocedural Dataflow Analysis","Static Analysis","","","","10.1007/3-540-44898-5_11","Thomas RepsStefan SchwoonSomesh Jha","2003","http://link.springer.com/chapter/10.1007/3-540-44898-5_11","Chapter"
"A More Efficient Tableaux Procedure for Simultaneous Search for Refutations and Finite Models","Automated Reasoning with Analytic Tableaux and Related Methods","","","","10.1007/978-3-540-45206-5_15","Nicolas Peltier","2003","http://link.springer.com/chapter/10.1007/978-3-540-45206-5_15","Chapter"
"Simplification Rules for Constrained Formula Tableaux","Automated Reasoning with Analytic Tableaux and Related Methods","","","","10.1007/978-3-540-45206-5_8","Martin Giese","2003","http://link.springer.com/chapter/10.1007/978-3-540-45206-5_8","Chapter"
"Cartesian Factoring of Polyhedra in Linear Relation Analysis","Static Analysis","","","","10.1007/3-540-44898-5_20","Nicolas HalbwachsDavid MerchatCatherine Parent-Vigouroux","2003","http://link.springer.com/chapter/10.1007/3-540-44898-5_20","Chapter"
"CondLean: A Theorem Prover for Conditional Logics","Automated Reasoning with Analytic Tableaux and Related Methods","","","","10.1007/978-3-540-45206-5_23","Nicola OlivettiGian Luca Pozzato","2003","http://link.springer.com/chapter/10.1007/978-3-540-45206-5_23","Chapter"
"The Tableaux Work Bench","Automated Reasoning with Analytic Tableaux and Related Methods","","","","10.1007/978-3-540-45206-5_18","Pietro AbateRajeev Goré","2003","http://link.springer.com/chapter/10.1007/978-3-540-45206-5_18","Chapter"
"A General Tableau Method for Propositional Interval Temporal Logics","Automated Reasoning with Analytic Tableaux and Related Methods","","","","10.1007/978-3-540-45206-5_10","Valentin GorankoAngelo MontanariGuido Sciavicco","2003","http://link.springer.com/chapter/10.1007/978-3-540-45206-5_10","Chapter"
"Fair Constraint Merging Tableaux in Lazy Functional Programming Style","Automated Reasoning with Analytic Tableaux and Related Methods","","","","10.1007/978-3-540-45206-5_21","Reiner HähnleNiklas Sörensson","2003","http://link.springer.com/chapter/10.1007/978-3-540-45206-5_21","Chapter"
"Modular Class Analysis with DATALOG","Static Analysis","","","","10.1007/3-540-44898-5_2","Frédéric BessonThomas Jensen","2003","http://link.springer.com/chapter/10.1007/3-540-44898-5_2","Chapter"
"Approach-Independent Structuring Concepts for Rule-Based Systems","Recent Trends in Algebraic Development Techniques","","","","10.1007/978-3-540-40020-2_17","Hans-Jörg KreowskiSabine Kuske","2003","http://link.springer.com/chapter/10.1007/978-3-540-40020-2_17","Chapter"
"Monad-Independent Dynamic Logic in HasCasl","Recent Trends in Algebraic Development Techniques","","","","10.1007/978-3-540-40020-2_25","Lutz SchröderTill Mossakowski","2003","http://link.springer.com/chapter/10.1007/978-3-540-40020-2_25","Chapter"
"Logistica 2.0: A Technology for Implementing Automatic Deduction Systems","Automated Reasoning with Analytic Tableaux and Related Methods","","","","10.1007/978-3-540-45206-5_20","Frank M. Brown","2003","http://link.springer.com/chapter/10.1007/978-3-540-45206-5_20","Chapter"
"Tableau Calculi for Preference-Based Conditional Logics","Automated Reasoning with Analytic Tableaux and Related Methods","","","","10.1007/978-3-540-45206-5_9","Laura GiordanoValentina GliozziNicola OlivettiCamilla Schwind","2003","http://link.springer.com/chapter/10.1007/978-3-540-45206-5_9","Chapter"
"Static Analysis versus Software Model Checking for Bug Finding","Verification, Model Checking, and Abstract Interpretation","","","","10.1007/978-3-540-24622-0_17","Dawson EnglerMadanlal Musuvathi","2004","http://link.springer.com/chapter/10.1007/978-3-540-24622-0_17","Chapter"
"Verifying Atomicity Specifications for Concurrent Object-Oriented Software Using Model-Checking","Verification, Model Checking, and Abstract Interpretation","","","","10.1007/978-3-540-24622-0_16","John HatcliffRobbyMatthew B. Dwyer","2004","http://link.springer.com/chapter/10.1007/978-3-540-24622-0_16","Chapter"
"Certifying Temporal Properties for Compiled C Programs","Verification, Model Checking, and Abstract Interpretation","","","","10.1007/978-3-540-24622-0_15","Songtao XiaJames Hook","2004","http://link.springer.com/chapter/10.1007/978-3-540-24622-0_15","Chapter"
"Type Inference for Parameterized Race-Free Java","Verification, Model Checking, and Abstract Interpretation","","","","10.1007/978-3-540-24622-0_14","Rahul AgarwalScott D. Stoller","2004","http://link.springer.com/chapter/10.1007/978-3-540-24622-0_14","Chapter"
"Widening Operators for Powerset Domains","Verification, Model Checking, and Abstract Interpretation","","","","10.1007/978-3-540-24622-0_13","Roberto BagnaraPatricia M. HillEnea Zaffanella","2004","http://link.springer.com/chapter/10.1007/978-3-540-24622-0_13","Chapter"
"Applying Jlint to Space Exploration Software","Verification, Model Checking, and Abstract Interpretation","","","","10.1007/978-3-540-24622-0_24","Cyrille ArthoKlaus Havelund","2004","http://link.springer.com/chapter/10.1007/978-3-540-24622-0_24","Chapter"
"Checking Interval Based Properties for Reactive Systems","Verification, Model Checking, and Abstract Interpretation","","","","10.1007/978-3-540-24622-0_12","Pei YuXu Qiwen","2004","http://link.springer.com/chapter/10.1007/978-3-540-24622-0_12","Chapter"
"Approximate Probabilistic Model Checking","Verification, Model Checking, and Abstract Interpretation","","","","10.1007/978-3-540-24622-0_8","Thomas HéraultRichard LassaigneFrédéric MagnietteSylvain Peyronnet","2004","http://link.springer.com/chapter/10.1007/978-3-540-24622-0_8","Chapter"
"Rule-Based Runtime Verification","Verification, Model Checking, and Abstract Interpretation","","","","10.1007/978-3-540-24622-0_5","Howard BarringerAllen GoldbergKlaus HavelundKoushik Sen","2004","http://link.springer.com/chapter/10.1007/978-3-540-24622-0_5","Chapter"
"Automatic Inference of Class Invariants","Verification, Model Checking, and Abstract Interpretation","","","","10.1007/978-3-540-24622-0_18","Francesco Logozzo","2004","http://link.springer.com/chapter/10.1007/978-3-540-24622-0_18","Chapter"
"Facilitating the Specification Capture and Transformation Process in the Development of Multi-agent Systems","Formal Approaches to Agent-Based Systems","","","","10.1007/978-3-540-30960-4_6","Aluízio Haendchen FilhoNuno CaminadaEdward Hermann HaeuslerArndt von Staa","2005","http://link.springer.com/chapter/10.1007/978-3-540-30960-4_6","Chapter"
"Formalism Challenges of the Cougaar Model Driven Architecture","Formal Approaches to Agent-Based Systems","","","","10.1007/978-3-540-30960-4_5","Shawn A. BohnerBoby GeorgeDenis GračaninMichael G. Hinchey","2005","http://link.springer.com/chapter/10.1007/978-3-540-30960-4_5","Chapter"
"Model-Driven Architecture for Agent-Based Systems","Formal Approaches to Agent-Based Systems","","","","10.1007/978-3-540-30960-4_17","Denis GračaninH. Lally SinghShawn A. BohnerMichael G. Hinchey","2005","http://link.springer.com/chapter/10.1007/978-3-540-30960-4_17","Chapter"
"Towards an Ontology-Based Distributed Architecture for Paid Content","The Semantic Web: Research and Applications","","","","10.1007/11431053_18","Wernher BehrendtAldo GangemiWolfgang MaassRupert Westenthaler","2005","http://link.springer.com/chapter/10.1007/11431053_18","Chapter"
"Feta: A Light-Weight Architecture for User Oriented Semantic Service Discovery","The Semantic Web: Research and Applications","","","","10.1007/11431053_2","Phillip LordPinar AlperChris WroeCarole Goble","2005","http://link.springer.com/chapter/10.1007/11431053_2","Chapter"
"The OWL-S Editor – A Development Tool for Semantic Web Services","The Semantic Web: Research and Applications","","","","10.1007/11431053_6","Daniel EleniusGrit DenkerDavid MartinFred GilhamJohn KhouriShahin SadaatiRukman Senanayake","2005","http://link.springer.com/chapter/10.1007/11431053_6","Chapter"
"A Semantic Service Environment: A Case Study in Bioinformatics","The Semantic Web: Research and Applications","","","","10.1007/11431053_47","Stephen PotterStuart Aitken","2005","http://link.springer.com/chapter/10.1007/11431053_47","Chapter"
"DRAGO: Distributed Reasoning Architecture for the Semantic Web","The Semantic Web: Research and Applications","","","","10.1007/11431053_25","Luciano SerafiniAndrei Tamilin","2005","http://link.springer.com/chapter/10.1007/11431053_25","Chapter"
"Multiple Vehicles for a Semantic Navigation Across Hyper-environments","The Semantic Web: Research and Applications","","","","10.1007/11431053_29","Irene CelinoEmanuele Della Valle","2005","http://link.springer.com/chapter/10.1007/11431053_29","Chapter"
"Towards Semantically-Interlinked Online Communities","The Semantic Web: Research and Applications","","","","10.1007/11431053_34","John G. BreslinAndreas HarthUldis BojarsStefan Decker","2005","http://link.springer.com/chapter/10.1007/11431053_34","Chapter"
"REDD: An Algorithm for Redundancy Detection in RDF Models","The Semantic Web: Research and Applications","","","","10.1007/11431053_10","Floriana EspositoLuigi IannoneIgnazio PalmisanoDomenico RedavidGiovanni Semeraro","2005","http://link.springer.com/chapter/10.1007/11431053_10","Chapter"
"Querying RDF Data from a Graph Database Perspective","The Semantic Web: Research and Applications","","","","10.1007/11431053_24","Renzo AnglesClaudio Gutierrez","2005","http://link.springer.com/chapter/10.1007/11431053_24","Chapter"
"Orchestration of Semantic Web Services for Large-Scale Document Annotation","The Semantic Web: Research and Applications","","","","10.1007/11431053_44","Barry NortonSam ChapmanFabio Ciravegna","2005","http://link.springer.com/chapter/10.1007/11431053_44","Chapter"
"Ontology-Based Policy Specification and Management","The Semantic Web: Research and Applications","","","","10.1007/11431053_20","Wolfgang NejdlDaniel OlmedillaMarianne WinslettCharles C. Zhang","2005","http://link.springer.com/chapter/10.1007/11431053_20","Chapter"
"Monitoring Research Collaborations Using Semantic Web Technologies","The Semantic Web: Research and Applications","","","","10.1007/11431053_45","Harith AlaniNicholas GibbinsHugh GlaserStephen HarrisNigel Shadbolt","2005","http://link.springer.com/chapter/10.1007/11431053_45","Chapter"
"AquaLog: An Ontology-Portable Question Answering System for the Semantic Web","The Semantic Web: Research and Applications","","","","10.1007/11431053_37","Vanessa LopezMichele PasinEnrico Motta","2005","http://link.springer.com/chapter/10.1007/11431053_37","Chapter"
"F-OWL: An Inference Engine for Semantic Web","Formal Approaches to Agent-Based Systems","","","","10.1007/978-3-540-30960-4_16","Youyong ZouTim FininHarry Chen","2005","http://link.springer.com/chapter/10.1007/978-3-540-30960-4_16","Chapter"
"Generating Tailored Textual Summaries from Ontologies","The Semantic Web: Research and Applications","","","","10.1007/11431053_36","Kalina Bontcheva","2005","http://link.springer.com/chapter/10.1007/11431053_36","Chapter"
"An Ontology-Based Information Retrieval Model","The Semantic Web: Research and Applications","","","","10.1007/11431053_31","David ValletMiriam FernándezPablo Castells","2005","http://link.springer.com/chapter/10.1007/11431053_31","Chapter"
"Product Information Meta-search Framework for Electronic Commerce Through Ontology Mapping","The Semantic Web: Research and Applications","","","","10.1007/11431053_28","Wooju KimDae Woo ChoiSangun Park","2005","http://link.springer.com/chapter/10.1007/11431053_28","Chapter"
"Automatic Location of Services","The Semantic Web: Research and Applications","","","","10.1007/11431053_1","Uwe KellerRubén LaraHolger LausenAxel PolleresDieter Fensel","2005","http://link.springer.com/chapter/10.1007/11431053_1","Chapter"
"Approximating Description Logic Classification for Semantic Web Reasoning","The Semantic Web: Research and Applications","","","","10.1007/11431053_22","Perry GrootHeiner StuckenschmidtHolger Wache","2005","http://link.springer.com/chapter/10.1007/11431053_22","Chapter"
"Web Explanations for Semantic Heterogeneity Discovery","The Semantic Web: Research and Applications","","","","10.1007/11431053_21","Pavel ShvaikoFausto GiunchigliaPaulo Pinheiro da SilvaDeborah L. McGuinness","2005","http://link.springer.com/chapter/10.1007/11431053_21","Chapter"
"Verifying Multi-agent Systems via Unbounded Model Checking","Formal Approaches to Agent-Based Systems","","","","10.1007/978-3-540-30960-4_13","M. KacprzakA. LomuscioT. ŁasicaW. PenczekM. Szreter","2005","http://link.springer.com/chapter/10.1007/978-3-540-30960-4_13","Chapter"
"Petri Nets as Modeling Tool for Emergent Agents","Formal Approaches to Agent-Based Systems","","","","10.1007/978-3-540-30960-4_19","Margo Bergman","2005","http://link.springer.com/chapter/10.1007/978-3-540-30960-4_19","Chapter"
"Debugging and Semantic Clarification by Pinpointing","The Semantic Web: Research and Applications","","","","10.1007/11431053_16","Stefan Schlobach","2005","http://link.springer.com/chapter/10.1007/11431053_16","Chapter"
"Collaborative and Usage-Driven Evolution of Personal Ontologies","The Semantic Web: Research and Applications","","","","10.1007/11431053_33","Peter HaaseAndreas HothoLars Schmidt-ThiemeYork Sure","2005","http://link.springer.com/chapter/10.1007/11431053_33","Chapter"
"Efficient Semantic Matching","The Semantic Web: Research and Applications","","","","10.1007/11431053_19","Fausto GiunchigliaMikalai YatskevichEnrico Giunchiglia","2005","http://link.springer.com/chapter/10.1007/11431053_19","Chapter"
"Towards Symbolic Model Checking for Multi-agent Systems via obdd’s","Formal Approaches to Agent-Based Systems","","","","10.1007/978-3-540-30960-4_14","Franco RaimondiAlessio Lomuscio","2005","http://link.springer.com/chapter/10.1007/978-3-540-30960-4_14","Chapter"
"Community-Driven Ontology Matching","The Semantic Web: Research and Applications","","","","10.1007/11762256_6","Anna V. ZhdanovaPavel Shvaiko","2006","http://link.springer.com/chapter/10.1007/11762256_6","Chapter"
"Modelling Ontology Evaluation and Validation","The Semantic Web: Research and Applications","","","","10.1007/11762256_13","Aldo GangemiCarola CatenacciMassimiliano CiaramitaJos Lehmann","2006","http://link.springer.com/chapter/10.1007/11762256_13","Chapter"
"DEMO – Design Environment for Metadata Ontologies","The Semantic Web: Research and Applications","","","","10.1007/11762256_32","Jens HartmannElena Paslaru BontasRaúl PalmaAsunción Gómez-Pérez","2006","http://link.springer.com/chapter/10.1007/11762256_32","Chapter"
"Information Retrieval in Folksonomies: Search and Ranking","The Semantic Web: Research and Applications","","","","10.1007/11762256_31","Andreas HothoRobert JäschkeChristoph SchmitzGerd Stumme","2006","http://link.springer.com/chapter/10.1007/11762256_31","Chapter"
"Dynamic Assembly of Personalized Learning Content on the Semantic Web","The Semantic Web: Research and Applications","","","","10.1007/11762256_40","Jelena JovanovićDragan GaševićVladan Devedžić","2006","http://link.springer.com/chapter/10.1007/11762256_40","Chapter"
"A Minimalist Approach to Semantic Annotations for Web Processes Compositions","The Semantic Web: Research and Applications","","","","10.1007/11762256_45","Marco PistoreLuca SpalazziPaolo Traverso","2006","http://link.springer.com/chapter/10.1007/11762256_45","Chapter"
"A Method to Convert Thesauri to SKOS","The Semantic Web: Research and Applications","","","","10.1007/11762256_10","Mark van AssemVéronique MalaiséAlistair MilesGuus Schreiber","2006","http://link.springer.com/chapter/10.1007/11762256_10","Chapter"
"Towards a Complete OWL Ontology Benchmark","The Semantic Web: Research and Applications","","","","10.1007/11762256_12","Li MaYang YangZhaoming QiuGuotong XieYue PanShengping Liu","2006","http://link.springer.com/chapter/10.1007/11762256_12","Chapter"
"Turning the Mouse into a Semantic Device: The seMouse Experience","The Semantic Web: Research and Applications","","","","10.1007/11762256_34","Jon IturriozSergio F. AnzuolaOscar Díaz","2006","http://link.springer.com/chapter/10.1007/11762256_34","Chapter"
"Using Semantics to Enhance the Blogging Experience","The Semantic Web: Research and Applications","","","","10.1007/11762256_49","Knud MöllerUldis BojārsJohn G. Breslin","2006","http://link.springer.com/chapter/10.1007/11762256_49","Chapter"
"An Environment for Semi-automatic Annotation of Ontological Knowledge with Linguistic Content","The Semantic Web: Research and Applications","","","","10.1007/11762256_33","Maria Teresa PazienzaArmando Stellato","2006","http://link.springer.com/chapter/10.1007/11762256_33","Chapter"
"WSTO: A Classification-Based Ontology for Managing Trust in Semantic Web Services","The Semantic Web: Research and Applications","","","","10.1007/11762256_50","Stefania Galizia","2006","http://link.springer.com/chapter/10.1007/11762256_50","Chapter"
"Semantic Network Analysis of Ontologies","The Semantic Web: Research and Applications","","","","10.1007/11762256_38","Bettina HoserAndreas HothoRobert JäschkeChristoph SchmitzGerd Stumme","2006","http://link.springer.com/chapter/10.1007/11762256_38","Chapter"
"An Infrastructure for Acquiring High Quality Semantic Metadata","The Semantic Web: Research and Applications","","","","10.1007/11762256_19","Yuangui LeiMarta SabouVanessa LopezJianhan ZhuVictoria UrenEnrico Motta","2006","http://link.springer.com/chapter/10.1007/11762256_19","Chapter"
"Protocol Mediation for Adaptation in Semantic Web Services","The Semantic Web: Research and Applications","","","","10.1007/11762256_46","Stuart K. WilliamsSteven A. BattleJavier Esplugas Cuadrado","2006","http://link.springer.com/chapter/10.1007/11762256_46","Chapter"
"WikiFactory: An Ontology-Based Application for Creating Domain-Oriented Wikis","The Semantic Web: Research and Applications","","","","10.1007/11762256_48","Angelo Di IorioValentina PresuttiFabio Vitali","2006","http://link.springer.com/chapter/10.1007/11762256_48","Chapter"
"RDFBroker: A Signature-Based High-Performance RDF Store","The Semantic Web: Research and Applications","","","","10.1007/11762256_28","Michael SintekMalte Kiesel","2006","http://link.springer.com/chapter/10.1007/11762256_28","Chapter"
"Managing Information Quality in e-Science Using Semantic Web Technology","The Semantic Web: Research and Applications","","","","10.1007/11762256_35","Alun PreeceBinling JinEdoardo PignottiPaolo MissierSuzanne EmburyDavid SteadAl Brown","2006","http://link.springer.com/chapter/10.1007/11762256_35","Chapter"
"Interactive Ontology-Based User Knowledge Acquisition: A Case Study","The Semantic Web: Research and Applications","","","","10.1007/11762256_41","Lora AroyoRonald DenauxVania DimitrovaMichael Pye","2006","http://link.springer.com/chapter/10.1007/11762256_41","Chapter"
"PowerAqua: Fishing the Semantic Web","The Semantic Web: Research and Applications","","","","10.1007/11762256_30","Vanessa LopezEnrico MottaVictoria Uren","2006","http://link.springer.com/chapter/10.1007/11762256_30","Chapter"
"Encoding Classifications into Lightweight Ontologies","The Semantic Web: Research and Applications","","","","10.1007/11762256_9","Fausto GiunchigliaMaurizio MarcheseIlya Zaihrayeu","2006","http://link.springer.com/chapter/10.1007/11762256_9","Chapter"
"An Iterative Algorithm for Ontology Mapping Capable of Using Training Data","The Semantic Web: Research and Applications","","","","10.1007/11762256_5","Andreas Heß","2006","http://link.springer.com/chapter/10.1007/11762256_5","Chapter"
"Content Aggregation on Knowledge Bases Using Graph Clustering","The Semantic Web: Research and Applications","","","","10.1007/11762256_39","Christoph SchmitzAndreas HothoRobert JäschkeGerd Stumme","2006","http://link.springer.com/chapter/10.1007/11762256_39","Chapter"
"Repairing Unsatisfiable Concepts in OWL Ontologies","The Semantic Web: Research and Applications","","","","10.1007/11762256_15","Aditya KalyanpurBijan ParsiaEvren SirinBernardo Cuenca-Grau","2006","http://link.springer.com/chapter/10.1007/11762256_15","Chapter"
"Automatic Extraction of Hierarchical Relations from Text","The Semantic Web: Research and Applications","","","","10.1007/11762256_18","Ting WangYaoyong LiKalina BontchevaHamish CunninghamJi Wang","2006","http://link.springer.com/chapter/10.1007/11762256_18","Chapter"
"Variable-Strength Conditional Preferences for Ranking Objects in Ontologies","The Semantic Web: Research and Applications","","","","10.1007/11762256_23","Thomas LukasiewiczJörg Schellhase","2006","http://link.springer.com/chapter/10.1007/11762256_23","Chapter"
"Empirical Merging of Ontologies — A Proposal of Universal Uncertainty Representation Framework","The Semantic Web: Research and Applications","","","","10.1007/11762256_8","Vít NováčekPavel Smrž","2006","http://link.springer.com/chapter/10.1007/11762256_8","Chapter"
"Visual Ontology Cleaning: Cognitive Principles and Applicability","The Semantic Web: Research and Applications","","","","10.1007/11762256_25","Joaquín Borrego-DíazAntonia M. Chávez-González","2006","http://link.springer.com/chapter/10.1007/11762256_25","Chapter"
"Towards Distributed Information Retrieval in the Semantic Web: Query Reformulation Using the oMAP Framework","The Semantic Web: Research and Applications","","","","10.1007/11762256_29","Umberto StracciaRaphaël Troncy","2006","http://link.springer.com/chapter/10.1007/11762256_29","Chapter"
"A Multilingual/Multimedia Lexicon Model for Ontologies","The Semantic Web: Research and Applications","","","","10.1007/11762256_37","Paul BuitelaarMichael SintekMalte Kiesel","2006","http://link.springer.com/chapter/10.1007/11762256_37","Chapter"
"A Framework for Time-Controlled and Portable WSN Applications","Sensor Applications, Experimentation, and Logistics","","","","10.1007/978-3-642-11870-8_9","Anthony SchoofsMarc AounPeter van der StokJulien CatalanoRamon Serna OliverGerhard Fohler","2010","http://link.springer.com/chapter/10.1007/978-3-642-11870-8_9","Chapter"
"WISEBED: An Open Large-Scale Wireless Sensor Network Testbed","Sensor Applications, Experimentation, and Logistics","","","","10.1007/978-3-642-11870-8_6","Ioannis ChatzigiannakisStefan FischerChristos KoninisGeorgios MylonasDennis Pfisterer","2010","http://link.springer.com/chapter/10.1007/978-3-642-11870-8_6","Chapter"
"SmartEN: A Marie Curie Research Framework for Wireless Sensor Networks in Smart Management of the Human Environment","Sensor Applications, Experimentation, and Logistics","","","","10.1007/978-3-642-11870-8_7","Toula OnoufriouAnthony ConstantinidesAnastasis KounoudesAntonis Kalis","2010","http://link.springer.com/chapter/10.1007/978-3-642-11870-8_7","Chapter"
"TinySPOTComm: Facilitating Communication over IEEE 802.15.4 between Sun SPOTs and TinyOS-Based Motes","Sensor Applications, Experimentation, and Logistics","","","","10.1007/978-3-642-11870-8_12","Daniel van den AkkerKurt SmolderenPeter De CleynBart BraemChris Blondia","2010","http://link.springer.com/chapter/10.1007/978-3-642-11870-8_12","Chapter"
"Embedded Web Server for the AVR Butterfly Enabling Immediate Access to Wireless Sensor Node Readings","Sensor Applications, Experimentation, and Logistics","","","","10.1007/978-3-642-11870-8_10","Konstantinos SamalekasEvangelos LogarasElias S. Manolakos","2010","http://link.springer.com/chapter/10.1007/978-3-642-11870-8_10","Chapter"
"A Nephelometric Turbidity System for Monitoring Residential Drinking Water Quality","Sensor Applications, Experimentation, and Logistics","","","","10.1007/978-3-642-11870-8_4","Theofanis P. LambrouChristos C. AnastasiouChristos G. Panayiotou","2010","http://link.springer.com/chapter/10.1007/978-3-642-11870-8_4","Chapter"
"Specification Patterns for Properties over Reachable States of Graph Grammars","Formal Methods: Foundations and Applications","","","","10.1007/978-3-642-33296-8_8","Simone André da Costa CavalheiroLuciana FossLeila Ribeiro","2012","http://link.springer.com/chapter/10.1007/978-3-642-33296-8_8","Chapter"
"BETA: A B Based Testing Approach","Formal Methods: Foundations and Applications","","","","10.1007/978-3-642-33296-8_6","Ernesto C. B. de MatosAnamaria Martins Moreira","2012","http://link.springer.com/chapter/10.1007/978-3-642-33296-8_6","Chapter"
"A Sound Reduction of Persistent-Sets for Deadlock Detection in MPI Applications","Formal Methods: Foundations and Applications","","","","10.1007/978-3-642-33296-8_15","Subodh SharmaGanesh GopalakrishnanGreg Bronevetsky","2012","http://link.springer.com/chapter/10.1007/978-3-642-33296-8_15","Chapter"
"Alternating-Time Temporal Logic in the Calculus of (Co)Inductive Constructions","Formal Methods: Foundations and Applications","","","","10.1007/978-3-642-33296-8_16","Dante ZanariniCarlos LunaLuis Sierra","2012","http://link.springer.com/chapter/10.1007/978-3-642-33296-8_16","Chapter"
"LuaRocks - A Declarative and Extensible Package Management System for Lua","Programming Languages","","","","10.1007/978-3-642-40922-6_2","Hisham MuhammadFabio MascarenhasRoberto Ierusalimschy","2013","http://link.springer.com/chapter/10.1007/978-3-642-40922-6_2","Chapter"
"2COMM: A Commitment-Based MAS Architecture","Engineering Multi-Agent Systems","","","","10.1007/978-3-642-45343-4_3","Matteo BaldoniCristina BaroglioFederico Capuzzimati","2013","http://link.springer.com/chapter/10.1007/978-3-642-45343-4_3","Chapter"
"“Engineering” Agent-Based Simulation Models?","Agent-Oriented Software Engineering XIII","","","","10.1007/978-3-642-39866-7_11","Franziska Klügl","2013","http://link.springer.com/chapter/10.1007/978-3-642-39866-7_11","Chapter"
"Contextual Abstraction in a Type System for Component-Based High Performance Computing Platforms","Programming Languages","","","","10.1007/978-3-642-40922-6_7","Francisco Heron de Carvalho JuniorCenez Araújo RezendeJefferson de Carvalho SilvaWagner Guimarães Al-Alam","2013","http://link.springer.com/chapter/10.1007/978-3-642-40922-6_7","Chapter"
"Embedding Agents in Business Processes Using Enterprise Integration Patterns","Engineering Multi-Agent Systems","","","","10.1007/978-3-642-45343-4_6","Stephen CranefieldSurangika Ranathunga","2013","http://link.springer.com/chapter/10.1007/978-3-642-45343-4_6","Chapter"
"Latest Developments of WADE to Support User-Centric Business Processes","Declarative Agent Languages and Technologies X","","","","10.1007/978-3-642-37890-4_2","Federico BergentiGiovanni CaireDanilo Gotta","2013","http://link.springer.com/chapter/10.1007/978-3-642-37890-4_2","Chapter"
"A Multi-agent Approach to Professional Software Engineering","Engineering Multi-Agent Systems","","","","10.1007/978-3-642-45343-4_9","Marco LützenbergerTobias KüsterThomas KonnerthAlexander ThieleNils MasuchAxel HeßlerJan KeiserMichael BurkhardtSilvan KaiserJakob TonnMichael KaisersSahin Albayrak","2013","http://link.springer.com/chapter/10.1007/978-3-642-45343-4_9","Chapter"
"Multi-Agent Programming Contest 2013: The Teams and the Design of Their Systems","Engineering Multi-Agent Systems","","","","10.1007/978-3-642-45343-4_22","Tobias AhlbrechtChristian Bender-SaebelkampfMaiquel de BritoNicolai Christian ChristensenJürgen DixMariana Ramos FrancoHendrik HellerAndreas Viktor HessAxel HeßlerJomi Fred HübnerAndreas Schmidt JensenJannick Boese JohnsenMichael KösterChengqian LiLu LiuMarcelo Menezes Morato","2013","http://link.springer.com/chapter/10.1007/978-3-642-45343-4_22","Chapter"
"Towards a Domain-Specific Language for Patterns-Oriented Parallel Programming","Programming Languages","","","","10.1007/978-3-642-40922-6_8","Dalvan GrieblerLuiz Gustavo Fernandes","2013","http://link.springer.com/chapter/10.1007/978-3-642-40922-6_8","Chapter"
"Secure Compilation of Object-Oriented Components to Protected Module Architectures","Programming Languages and Systems","","","","10.1007/978-3-319-03542-0_13","Marco PatrignaniDave ClarkeFrank Piessens","2013","http://link.springer.com/chapter/10.1007/978-3-319-03542-0_13","Chapter"
"An Infrastructure for the Design and Development of Open Interaction Systems","Engineering Multi-Agent Systems","","","","10.1007/978-3-642-45343-4_12","Daniel OkouyaNicoletta FornaraMarco Colombetti","2013","http://link.springer.com/chapter/10.1007/978-3-642-45343-4_12","Chapter"
"Engineering Pervasive Multiagent Systems in SAPERE","Engineering Multi-Agent Systems","","","","10.1007/978-3-642-45343-4_11","Ambra MolesiniAndrea OmiciniMirko ViroliFranco Zambonelli","2013","http://link.springer.com/chapter/10.1007/978-3-642-45343-4_11","Chapter"
"Exception Handling for Error Reporting in Parsing Expression Grammars","Programming Languages","","","","10.1007/978-3-642-40922-6_1","André Murbach MaidlFabio MascarenhasRoberto Ierusalimschy","2013","http://link.springer.com/chapter/10.1007/978-3-642-40922-6_1","Chapter"
"On the Performance of Multidimensional Array Representations in Programming Languages Based on Virtual Execution Machines","Programming Languages","","","","10.1007/978-3-642-40922-6_3","Francisco Heron de Carvalho JuniorCenez Araújo RezendeJefferson de Carvalho SilvaFrancisco José Lins MagalhãesRenato Caminha Juaçaba-Neto","2013","http://link.springer.com/chapter/10.1007/978-3-642-40922-6_3","Chapter"
"Automated Inference of Library Specifications for Source-Sink Property Verification","Programming Languages and Systems","","","","10.1007/978-3-319-03542-0_21","Haiyan ZhuThomas DilligIsil Dillig","2013","http://link.springer.com/chapter/10.1007/978-3-319-03542-0_21","Chapter"
"Paragon for Practical Programming with Information-Flow Control","Programming Languages and Systems","","","","10.1007/978-3-319-03542-0_16","Niklas BrobergBart van DelftDavid Sands","2013","http://link.springer.com/chapter/10.1007/978-3-319-03542-0_16","Chapter"
"GoalSPEC: A Goal Specification Language Supporting Adaptivity and Evolution","Engineering Multi-Agent Systems","","","","10.1007/978-3-642-45343-4_13","Luca SabatucciPatrizia RibinoCarmelo LodatoSalvatore LopesMassimo Cossentino","2013","http://link.springer.com/chapter/10.1007/978-3-642-45343-4_13","Chapter"
"Zipper-Based Attribute Grammars and Their Extensions","Programming Languages","","","","10.1007/978-3-642-40922-6_10","Pedro MartinsJoão Paulo FernandesJoão Saraiva","2013","http://link.springer.com/chapter/10.1007/978-3-642-40922-6_10","Chapter"
"Dynamic Alias Protection with Aliasing Contracts","Programming Languages and Systems","","","","10.1007/978-3-319-03542-0_10","Janina VoigtAlan Mycroft","2013","http://link.springer.com/chapter/10.1007/978-3-319-03542-0_10","Chapter"
"The Proof Assistant as an Integrated Development Environment","Programming Languages and Systems","","","","10.1007/978-3-319-03542-0_22","Nick Benton","2013","http://link.springer.com/chapter/10.1007/978-3-319-03542-0_22","Chapter"
"Benchmarking Communication in Actor- and Agent-Based Languages","Engineering Multi-Agent Systems","","","","10.1007/978-3-642-45343-4_4","Rafael C. CardosoJomi F. HübnerRafael H. Bordini","2013","http://link.springer.com/chapter/10.1007/978-3-642-45343-4_4","Chapter"
"Ambient Intelligence with INGENIAS","Agent-Oriented Software Engineering XIII","","","","10.1007/978-3-642-39866-7_7","Jorge J. Gómez-SanzJosé M. Fernández-de-AlbaRubén Fuentes-Fernández","2013","http://link.springer.com/chapter/10.1007/978-3-642-39866-7_7","Chapter"
"Automatic Generation of Self-monitoring MASs from Multiparty Global Session Types in Jason","Declarative Agent Languages and Technologies X","","","","10.1007/978-3-642-37890-4_5","Davide AnconaSophia DrossopoulouViviana Mascardi","2013","http://link.springer.com/chapter/10.1007/978-3-642-37890-4_5","Chapter"
"MDA-Based Approach for Implementing Secure Mobile Agent Systems","Agent-Oriented Software Engineering XIII","","","","10.1007/978-3-642-39866-7_4","Slim KallelMonia LoulouMolka RekikAhmed Hadj Kacem","2013","http://link.springer.com/chapter/10.1007/978-3-642-39866-7_4","Chapter"
"Designing and Implementing a Framework for BDI-Style Communicating Agents in Haskell","Declarative Agent Languages and Technologies X","","","","10.1007/978-3-642-37890-4_13","Alessandro SolimandoRiccardo Traverso","2013","http://link.springer.com/chapter/10.1007/978-3-642-37890-4_13","Chapter"
"Boilerplates for Reconfigurable Systems: A Language and Its Semantics","Programming Languages","","","","10.1007/978-3-642-40922-6_6","Alexandre MadeiraManuel A. MartinsLuís S. Barbosa","2013","http://link.springer.com/chapter/10.1007/978-3-642-40922-6_6","Chapter"
"Temporal Specification Mining for Anomaly Analysis","Programming Languages and Systems","","","","10.1007/978-3-319-03542-0_20","Farn WangJung-Hsuan WuChung-Hao HuangCheng-Chieh ChangChung-Cheng Li","2013","http://link.springer.com/chapter/10.1007/978-3-319-03542-0_20","Chapter"
"Semantic Web and Declarative Agent Languages and Technologies: Current and Future Trends","Declarative Agent Languages and Technologies X","","","","10.1007/978-3-642-37890-4_12","Viviana MascardiJames HendlerLaura Papaleo","2013","http://link.springer.com/chapter/10.1007/978-3-642-37890-4_12","Chapter"
"Automatic BDI Plan Recognition from Process Execution Logs and Effect Logs","Engineering Multi-Agent Systems","","","","10.1007/978-3-642-45343-4_15","Hongyun XuBastin Tony Roy SavarimuthuAditya GhoseEvan MorrisonQiying CaoYouqun Shi","2013","http://link.springer.com/chapter/10.1007/978-3-642-45343-4_15","Chapter"
"Fine-Grained Function Visibility for Multiple Dispatch with Multiple Inheritance","Programming Languages and Systems","","","","10.1007/978-3-319-03542-0_11","Jieung KimSukyoung RyuVictor LuchangcoGuy L. Steele Jr.","2013","http://link.springer.com/chapter/10.1007/978-3-319-03542-0_11","Chapter"
"Alternatives to Threshold-Based Desire Selection in Bayesian BDI Agents","Engineering Multi-Agent Systems","","","","10.1007/978-3-642-45343-4_10","Bernardo LuzFelipe MeneguzziRosa Vicari","2013","http://link.springer.com/chapter/10.1007/978-3-642-45343-4_10","Chapter"
"Multiple Intermediate Structure Deforestation by Shortcut Fusion","Programming Languages","","","","10.1007/978-3-642-40922-6_9","Alberto PardoJoão Paulo FernandesJoão Saraiva","2013","http://link.springer.com/chapter/10.1007/978-3-642-40922-6_9","Chapter"
"Sorting and Searching by Distribution: From Generic Discrimination to Generic Tries","Programming Languages and Systems","","","","10.1007/978-3-319-03542-0_23","Fritz HengleinRalf Hinze","2013","http://link.springer.com/chapter/10.1007/978-3-319-03542-0_23","Chapter"
"Engineering a Multi-Agent System in GOAL","Engineering Multi-Agent Systems","","","","10.1007/978-3-642-45343-4_18","Jørgen VilladsenAndreas Schmidt JensenNicolai Christian ChristensenAndreas Viktor HessJannick Boese JohnsenØyvind Grønland WollerPhilip Bratt Ørum","2013","http://link.springer.com/chapter/10.1007/978-3-642-45343-4_18","Chapter"
"Handling Change in Normative Specifications","Declarative Agent Languages and Technologies X","","","","10.1007/978-3-642-37890-4_1","Duangtida AthakraviDomenico CorapiAlessandra RussoMarina De VosJulian PadgetKen Satoh","2013","http://link.springer.com/chapter/10.1007/978-3-642-37890-4_1","Chapter"
"A Double Effect λ-calculus for Quantum Computation","Programming Languages","","","","10.1007/978-3-642-40922-6_5","Juliana Kaizer VizzottoBruno Crestani CalegaroEduardo Kessler Piveta","2013","http://link.springer.com/chapter/10.1007/978-3-642-40922-6_5","Chapter"
"Early Fault Detection Using Design Models for Collision Prevention in Medical Equipment","Foundations of Health Information Engineering and Systems","","","","10.1007/978-3-642-53956-5_12","Arjan J. MooijJozef HoomanRob Albers","2014","http://link.springer.com/chapter/10.1007/978-3-642-53956-5_12","Chapter"
"Use of XML Schema Definition for the Development of Semantically Interoperable Healthcare Applications","Foundations of Health Information Engineering and Systems","","","","10.1007/978-3-642-53956-5_9","Luciana Tricai CavaliniTimothy Wayne Cook","2014","http://link.springer.com/chapter/10.1007/978-3-642-53956-5_9","Chapter"
"A Comparison Framework and Review of Service Brokerage Solutions for Cloud Architectures","Service-Oriented Computing – ICSOC 2013 Workshops","","","","10.1007/978-3-319-06859-6_13","Frank FowleyClaus PahlLi Zhang","2014","http://link.springer.com/chapter/10.1007/978-3-319-06859-6_13","Chapter"
"ICT-powered Health Care Processes","Foundations of Health Information Engineering and Systems","","","","10.1007/978-3-642-53956-5_5","Marco CarboneAnders Skovbo ChristensenFlemming NielsonHanne R. NielsonThomas HildebrandtMartin Sølvkjær","2014","http://link.springer.com/chapter/10.1007/978-3-642-53956-5_5","Chapter"
"Modelling Care Pathways in a Connected Health Setting","Foundations of Health Information Engineering and Systems","","","","10.1007/978-3-642-53956-5_3","Padraig O’LearyPatrick BuckleyIta Richardson","2014","http://link.springer.com/chapter/10.1007/978-3-642-53956-5_3","Chapter"
"Integrating Service Release Management with Service Solution Design","Service-Oriented Computing – ICSOC 2013 Workshops","","","","10.1007/978-3-319-06859-6_4","Heiko LudwigJuan CappiValeria BeckerBairbre StewartSusan Meade","2014","http://link.springer.com/chapter/10.1007/978-3-319-06859-6_4","Chapter"
"Approach and Method for Generating Realistic Synthetic Electronic Healthcare Records for Secondary Use","Foundations of Health Information Engineering and Systems","","","","10.1007/978-3-642-53956-5_6","Kudakwashe DubeThomas Gallagher","2014","http://link.springer.com/chapter/10.1007/978-3-642-53956-5_6","Chapter"
"A Light-Weight Framework for Bridge-Building from Desktop to Cloud","Service-Oriented Computing – ICSOC 2013 Workshops","","","","10.1007/978-3-319-06859-6_28","Kewei DuanJulian PadgetH. Alicia Kim","2014","http://link.springer.com/chapter/10.1007/978-3-319-06859-6_28","Chapter"
"SLA-Aware Load Balancing in a Web-Based Cloud System over OpenStack","Service-Oriented Computing – ICSOC 2013 Workshops","","","","10.1007/978-3-319-06859-6_26","Jordi VilaplanaFrancesc SolsonaJordi MateoIvan Teixido","2014","http://link.springer.com/chapter/10.1007/978-3-319-06859-6_26","Chapter"
"An Information-Centric System for Building the Web of Things","Service-Oriented Computing – ICSOC 2013 Workshops","","","","10.1007/978-3-319-06859-6_49","Stefano Turchi","2014","http://link.springer.com/chapter/10.1007/978-3-319-06859-6_49","Chapter"
"Discovering Pattern-Based Mediator Services from Communication Logs","Service-Oriented Computing – ICSOC 2013 Workshops","","","","10.1007/978-3-319-06859-6_11","Christian GierdsDirk Fahland","2014","http://link.springer.com/chapter/10.1007/978-3-319-06859-6_11","Chapter"
"An Investigation of Classification Algorithms for Predicting HIV Drug Resistance without Genotype Resistance Testing","Foundations of Health Information Engineering and Systems","","","","10.1007/978-3-642-53956-5_16","Pascal BrandtDeshendran MoodleyAnban W. PillayChristopher J. SeebregtsTulio de Oliveira","2014","http://link.springer.com/chapter/10.1007/978-3-642-53956-5_16","Chapter"
"Characterisation of Knowledge Incorporation into Solution Models for the Meal Planning Problem","Foundations of Health Information Engineering and Systems","","","","10.1007/978-3-642-53956-5_17","Ngonidzashe ZanamweKudakwashe DubeJasmine S. ThomsonFredrick J. MtenziGilford T. Hapanyengwi","2014","http://link.springer.com/chapter/10.1007/978-3-642-53956-5_17","Chapter"
"Galaxy + Hadoop: Toward a Collaborative and Scalable Image Processing Toolbox in Cloud","Service-Oriented Computing – ICSOC 2013 Workshops","","","","10.1007/978-3-319-06859-6_30","Shiping ChenTomasz BednarzPiotr SzulDadong WangYulia ArzhaevaNeil BurdettAlex KhassapovJohn ZicSurya NepalTim GureveyJohn Taylor","2014","http://link.springer.com/chapter/10.1007/978-3-319-06859-6_30","Chapter"
"Towards Modeling and Execution of Collective Adaptive Systems","Service-Oriented Computing – ICSOC 2013 Workshops","","","","10.1007/978-3-319-06859-6_7","Vasilios AndrikopoulosAntonio BucchiaroneSantiago Gómez SáezDimka KarastoyanovaClaudio Antares Mezzina","2014","http://link.springer.com/chapter/10.1007/978-3-319-06859-6_7","Chapter"
"Management of Variability in Modular Ontology Development","Service-Oriented Computing – ICSOC 2013 Workshops","","","","10.1007/978-3-319-06859-6_20","Melanie LangermeierPeter RosinaHeiner OberkampfThomas DriessenBernhard Bauer","2014","http://link.springer.com/chapter/10.1007/978-3-319-06859-6_20","Chapter"
"An Adaptive Enterprise Service Bus Infrastructure for Service Based Systems","Service-Oriented Computing – ICSOC 2013 Workshops","","","","10.1007/978-3-319-06859-6_42","Laura GonzálezJorge Luis LabordeMatías GalnaresMauricio FenoglioRaúl Ruggia","2014","http://link.springer.com/chapter/10.1007/978-3-319-06859-6_42","Chapter"
"Towards an Integration Platform for Bioinformatics Services","Service-Oriented Computing – ICSOC 2013 Workshops","","","","10.1007/978-3-319-06859-6_39","Guzmán LlambíasLaura GonzálezRaúl Ruggia","2014","http://link.springer.com/chapter/10.1007/978-3-319-06859-6_39","Chapter"
"Intelligent Tools for Reducing Medication Dispensing and Administration Error","Foundations of Health Information Engineering and Systems","","","","10.1007/978-3-642-53956-5_1","Pei-Hsuan TsaiJane W. S. Liu","2014","http://link.springer.com/chapter/10.1007/978-3-642-53956-5_1","Chapter"
"A Requirements-Based Model for Effort Estimation in Service-Oriented Systems","Service-Oriented Computing – ICSOC 2013 Workshops","","","","10.1007/978-3-319-06859-6_8","Bertrand VerlaineIvan J. JuretaStéphane Faulkner","2014","http://link.springer.com/chapter/10.1007/978-3-319-06859-6_8","Chapter"
"Equivalence Checking in Multi-level Quantum Systems","Reversible Computation","","","","10.1007/978-3-319-08494-7_16","Philipp NiemannRobert WilleRolf Drechsler","2014","http://link.springer.com/chapter/10.1007/978-3-319-08494-7_16","Chapter"
"Enabling Semantic Complex Event Processing in the Domain of Logistics","Service-Oriented Computing – ICSOC 2013 Workshops","","","","10.1007/978-3-319-06859-6_37","Tobias MetzkeAndreas Rogge-SoltiAnne BaumgrassJan MendlingMathias Weske","2014","http://link.springer.com/chapter/10.1007/978-3-319-06859-6_37","Chapter"
"SciLightning: A Cloud Provenance-Based Event Notification for Parallel Workflows","Service-Oriented Computing – ICSOC 2013 Workshops","","","","10.1007/978-3-319-06859-6_31","Julliano Trindade PintasDaniel de OliveiraKary A. C. S. OcañaEduardo OgasawaraMarta Mattoso","2014","http://link.springer.com/chapter/10.1007/978-3-319-06859-6_31","Chapter"
"Classical Control of Large-Scale Quantum Computers","Reversible Computation","","","","10.1007/978-3-319-08494-7_3","Simon J. Devitt","2014","http://link.springer.com/chapter/10.1007/978-3-319-08494-7_3","Chapter"
"Quantum Circuit Optimization by Hadamard Gate Reduction","Reversible Computation","","","","10.1007/978-3-319-08494-7_12","Nabila AbdessaiedMathias SoekenRolf Drechsler","2014","http://link.springer.com/chapter/10.1007/978-3-319-08494-7_12","Chapter"
"Model Checking GSM-Based Multi-Agent Systems","Service-Oriented Computing – ICSOC 2013 Workshops","","","","10.1007/978-3-319-06859-6_6","Pavel GonzalezAndreas GriesmayerAlessio Lomuscio","2014","http://link.springer.com/chapter/10.1007/978-3-319-06859-6_6","Chapter"
"Minimal Designs of Reversible Sequential Elements","Reversible Computation","","","","10.1007/978-3-319-08494-7_11","Anindita BanerjeeAnirban PathakGerhard W. Dueck","2014","http://link.springer.com/chapter/10.1007/978-3-319-08494-7_11","Chapter"
"Value-Added Modelling and Analysis in Service Value Brokerage","Service-Oriented Computing – ICSOC 2013 Workshops","","","","10.1007/978-3-319-06859-6_18","Yucong DuanYongzhi WangJinpeng WeiAjay KattepurWencai Du","2014","http://link.springer.com/chapter/10.1007/978-3-319-06859-6_18","Chapter"
"Description and Composition of Services towards the Web-Telecom Convergence","Service-Oriented Computing – ICSOC 2013 Workshops","","","","10.1007/978-3-319-06859-6_54","Terence Ambra","2014","http://link.springer.com/chapter/10.1007/978-3-319-06859-6_54","Chapter"
"Are Public Clouds Elastic Enough for Scientific Computing?","Service-Oriented Computing – ICSOC 2013 Workshops","","","","10.1007/978-3-319-06859-6_27","Guilherme GalanteLuis Carlos Erpen De BonaAntonio Roberto MuryBruno Schulze","2014","http://link.springer.com/chapter/10.1007/978-3-319-06859-6_27","Chapter"
"A Quantitative Analysis of the Performance and Scalability of De-identification Tools for Medical Data","Foundations of Health Information Engineering and Systems","","","","10.1007/978-3-642-53956-5_18","Zhiming LiuNafees QamarJie Qian","2014","http://link.springer.com/chapter/10.1007/978-3-642-53956-5_18","Chapter"
"Re-engineering the ISO 15926 Data Model: A Multi-level Metamodel Perspective","Service-Oriented Computing – ICSOC 2013 Workshops","","","","10.1007/978-3-319-06859-6_22","Andreas JordanMatt SelwayGeorg GrossmannWolfgang MayerMarkus Stumptner","2014","http://link.springer.com/chapter/10.1007/978-3-319-06859-6_22","Chapter"
"Planning and Scheduling Data Processing Workflows in the Cloud with Quality-of-Data Constraints","Service-Oriented Computing – ICSOC 2013 Workshops","","","","10.1007/978-3-319-06859-6_29","Sérgio EstevesLuís Veiga","2014","http://link.springer.com/chapter/10.1007/978-3-319-06859-6_29","Chapter"
"Practical Compiler-Based User Support during the Development of Business Processes","Service-Oriented Computing – ICSOC 2013 Workshops","","","","10.1007/978-3-319-06859-6_5","Thomas M. PrinzWolfram Amme","2014","http://link.springer.com/chapter/10.1007/978-3-319-06859-6_5","Chapter"